DateTime,Open,High,Low,Close,LegVWAP,DeltaIntensity,Rip
2026-04-20 18:10:06,26806.96,26811.75,26793.50,26802.62,0.00,2.00,26738.87
2026-04-20 18:23:46,26804.79,26804.79,26793.75,26798.00,0.00,2.00,26741.19
2026-04-20 18:33:30,26801.40,26801.75,26793.25,26798.44,0.00,-1.00,26742.49
2026-04-20 18:51:06,26799.92,26801.75,26791.50,26798.25,0.00,2.00,26745.55
2026-04-20 18:58:41,26799.08,26808.75,26795.00,26802.56,0.00,2.00,26745.80
2026-04-20 19:00:52,26800.82,26808.25,26798.00,26804.81,0.00,2.00,26746.00
2026-04-20 19:05:44,26802.82,26815.50,26798.50,26807.88,0.00,2.00,26746.88
2026-04-20 19:10:01,26805.35,26819.00,26805.35,26813.12,0.00,2.00,26747.16
2026-04-20 19:15:32,26809.24,26817.75,26805.25,26812.19,0.00,2.00,26747.44
2026-04-20 19:22:05,26810.71,26814.00,26794.25,26804.94,0.00,2.00,26748.29
2026-04-20 19:26:36,26807.82,26807.82,26794.25,26798.81,0.00,-1.00,26748.98
2026-04-20 19:31:55,26803.32,26803.32,26785.75,26792.31,0.00,-2.00,26750.26
2026-04-20 19:35:08,26797.82,26798.00,26785.00,26793.38,0.00,-2.00,26751.06
2026-04-20 19:41:15,26795.60,26810.25,26795.50,26803.00,0.00,-2.00,26752.21
2026-04-20 19:46:32,26799.30,26821.50,26799.00,26812.44,0.00,3.00,26754.61
2026-04-20 19:47:14,26805.87,26838.50,26805.87,26826.94,0.00,4.00,26754.99
2026-04-20 19:47:15,26816.40,26833.25,26810.25,26825.69,0.00,4.00,26754.99
2026-04-20 19:48:07,26821.04,26830.00,26817.75,26823.75,0.00,2.00,26755.34
2026-04-20 19:50:07,26822.40,26832.25,26816.00,26824.31,0.00,3.00,26756.45
2026-04-20 19:55:41,26823.36,26830.00,26818.25,26825.62,0.00,1.00,26762.45
2026-04-20 20:02:02,26824.49,26826.00,26812.50,26819.06,0.00,1.00,26776.02
2026-04-20 20:13:07,26821.78,26823.75,26812.25,26818.12,0.00,1.00,26783.36
2026-04-20 20:19:07,26819.95,26825.75,26818.00,26823.00,0.00,1.00,26785.90
2026-04-20 20:28:37,26821.48,26837.25,26821.48,26829.38,0.00,1.00,26787.24
2026-04-20 20:31:21,26825.43,26837.00,26824.25,26830.69,0.00,1.00,26791.10
2026-04-20 20:39:14,26828.06,26829.25,26818.00,26824.31,0.00,1.00,26797.30
2026-04-20 20:44:31,26826.18,26828.50,26813.50,26820.19,0.00,1.00,26797.66
2026-04-20 20:52:38,26823.19,26823.19,26807.25,26813.00,0.00,1.00,26803.11
2026-04-20 20:58:19,26818.09,26819.50,26807.50,26813.06,0.00,1.00,26804.68
2026-04-20 21:06:55,26815.58,26823.00,26813.00,26818.81,0.00,1.00,26805.15
2026-04-20 21:19:56,26817.20,26822.75,26812.25,26817.75,0.00,1.00,26806.05
2026-04-20 21:35:08,26817.47,26822.50,26811.25,26816.44,0.00,1.00,26808.05
2026-04-20 21:49:41,26816.96,26820.75,26809.75,26814.25,0.00,-1.00,26808.95
2026-04-20 22:02:34,26815.60,26817.00,26804.75,26809.69,0.00,-2.00,26810.62
2026-04-20 22:13:47,26812.64,26812.64,26795.25,26801.31,0.00,-2.00,26811.30
2026-04-20 22:22:39,26806.98,26806.98,26790.00,26797.06,0.00,-1.00,26811.51
2026-04-20 22:28:48,26802.02,26809.00,26800.50,26802.81,0.00,-2.00,26811.93
2026-04-20 22:42:40,26802.42,26813.75,26800.50,26806.88,0.00,-2.00,26812.34
2026-04-20 23:00:16,26804.64,26819.75,26804.64,26815.19,0.00,-1.00,26812.46
2026-04-20 23:11:40,26809.92,26826.00,26809.92,26820.81,0.00,-1.00,26812.25
2026-04-20 23:25:22,26815.36,26831.25,26815.36,26826.56,0.00,-1.00,26812.03
2026-04-20 23:42:15,26820.96,26830.00,26820.75,26824.75,0.00,-1.00,26812.12
2026-04-21 00:01:47,26822.86,26842.75,26821.75,26831.94,0.00,3.00,26813.40
2026-04-21 00:06:13,26827.40,26843.50,26827.40,26839.69,0.00,3.00,26813.91
2026-04-21 00:11:52,26833.54,26842.50,26833.54,26838.69,0.00,3.00,26814.10
2026-04-21 00:20:27,26836.12,26844.25,26832.75,26836.94,0.00,3.00,26814.60
2026-04-21 00:31:39,26836.53,26836.53,26824.75,26829.56,0.00,2.00,26815.46
2026-04-21 00:46:51,26833.04,26833.04,26819.00,26824.25,0.00,2.00,26818.06
2026-04-21 00:56:33,26828.65,26831.75,26823.25,26827.25,0.00,2.00,26817.99
2026-04-21 01:06:07,26827.95,26851.25,26827.95,26840.12,0.00,3.00,26818.59
2026-04-21 01:08:26,26834.04,26857.25,26834.04,26852.69,0.00,2.00,26818.56
2026-04-21 01:10:33,26843.36,26856.50,26843.36,26851.81,0.00,2.00,26819.41
2026-04-21 01:16:14,26847.59,26855.50,26842.25,26847.88,0.00,2.00,26820.28
2026-04-21 01:27:31,26847.73,26851.00,26841.50,26845.94,0.00,2.00,26820.64
2026-04-21 01:38:56,26846.83,26856.25,26846.25,26849.44,0.00,2.00,26819.74
2026-04-21 01:50:08,26848.14,26851.75,26840.25,26845.62,0.00,2.00,26819.71
2026-04-21 02:00:55,26846.88,26846.88,26821.25,26833.44,0.00,-2.00,26820.39
2026-04-21 02:04:01,26840.16,26840.16,26816.50,26822.81,0.00,-2.00,26821.71
2026-04-21 02:08:51,26831.49,26831.49,26818.00,26822.19,0.00,-2.00,26823.07
2026-04-21 02:16:30,26826.84,26826.84,26808.00,26819.88,0.00,-2.00,26825.67
2026-04-21 02:21:55,26823.36,26828.50,26817.50,26822.06,0.00,-2.00,26826.55
2026-04-21 02:28:40,26822.71,26825.75,26810.00,26816.50,0.00,-3.00,26826.88
2026-04-21 02:32:46,26819.61,26819.61,26806.50,26814.12,0.00,-2.00,26826.88
2026-04-21 02:41:53,26816.87,26833.25,26815.00,26824.69,0.00,-2.00,26827.91
2026-04-21 02:50:18,26820.78,26839.75,26817.75,26827.00,0.00,-2.00,26829.13
2026-04-21 02:54:32,26823.89,26823.89,26808.00,26815.19,0.00,-2.00,26829.13
2026-04-21 03:01:09,26819.54,26819.54,26801.00,26808.19,0.00,-2.00,26829.87
2026-04-21 03:06:55,26813.86,26813.86,26797.25,26802.94,0.00,-1.00,26829.31
2026-04-21 03:11:44,26808.40,26812.00,26800.00,26806.31,0.00,-1.00,26830.02
2026-04-21 03:20:28,26807.36,26826.25,26807.36,26817.69,0.00,-1.00,26830.42
2026-04-21 03:27:00,26812.52,26832.75,26812.52,26825.00,0.00,-1.00,26831.21
2026-04-21 03:32:00,26818.76,26837.75,26818.76,26829.12,0.00,1.00,26830.51
2026-04-21 03:43:37,26823.94,26854.00,26823.94,26843.81,0.00,3.00,26831.24
2026-04-21 03:44:20,26833.88,26854.75,26833.88,26849.75,0.00,3.00,26831.24
2026-04-21 03:49:01,26841.81,26851.50,26838.75,26844.81,0.00,3.00,26831.12
2026-04-21 03:56:15,26843.31,26843.31,26825.50,26832.81,0.00,3.00,26831.35
2026-04-21 04:03:12,26838.06,26838.06,26814.25,26821.19,0.00,3.00,26830.64
2026-04-21 04:07:48,26829.62,26829.62,26805.50,26811.12,0.00,3.00,26830.24
2026-04-21 04:08:45,26820.38,26820.38,26805.50,26812.12,0.00,2.00,26830.24
2026-04-21 04:13:14,26816.25,26823.75,26812.75,26817.50,0.00,3.00,26829.41
2026-04-21 04:24:23,26816.88,26829.00,26816.25,26822.12,0.00,2.00,26829.13
2026-04-21 04:38:59,26819.50,26838.00,26819.50,26831.31,0.00,3.00,26829.64
2026-04-21 04:52:43,26825.41,26844.75,26825.41,26839.44,0.00,3.00,26830.88
2026-04-21 04:55:07,26832.42,26847.00,26832.42,26842.38,0.00,2.00,26830.88
2026-04-21 04:58:00,26837.40,26846.50,26834.50,26841.88,0.00,1.00,26830.88
2026-04-21 05:05:51,26839.64,26860.75,26839.64,26851.31,0.00,2.00,26829.90
2026-04-21 05:09:27,26845.47,26858.50,26845.47,26853.69,0.00,2.00,26829.16
2026-04-21 05:18:01,26849.58,26851.50,26842.00,26847.69,0.00,2.00,26828.58
2026-04-21 05:30:34,26848.63,26860.00,26845.00,26852.31,0.00,2.00,26828.14
2026-04-21 05:38:26,26850.47,26863.50,26850.47,26860.00,0.00,2.00,26828.21
2026-04-21 05:45:31,26855.24,26868.50,26855.24,26863.88,0.00,2.00,26828.15
2026-04-21 05:50:47,26859.55,26877.75,26859.55,26871.19,0.00,3.00,26828.43
2026-04-21 05:54:07,26865.37,26882.50,26865.37,26874.94,0.00,1.00,26828.92
2026-04-21 05:58:16,26870.15,26875.75,26866.50,26870.19,0.00,1.00,26829.22
2026-04-21 06:02:21,26870.17,26877.00,26864.50,26871.31,0.00,1.00,26829.90
2026-04-21 06:05:56,26870.74,26884.25,26865.00,26873.19,0.00,1.00,26829.90
2026-04-21 06:09:28,26871.96,26871.96,26843.75,26857.06,0.00,-2.00,26830.17
2026-04-21 06:09:31,26864.51,26865.75,26840.00,26852.62,0.00,-2.00,26829.58
2026-04-21 06:09:37,26858.57,26866.00,26851.00,26857.06,0.00,-2.00,26829.58
2026-04-21 06:10:34,26857.82,26863.75,26851.25,26856.25,0.00,-2.00,26829.58
2026-04-21 06:14:28,26857.03,26861.25,26849.25,26856.44,0.00,-2.00,26829.42
2026-04-21 06:20:00,26856.73,26872.75,26856.73,26864.88,0.00,-2.00,26829.42
2026-04-21 06:24:02,26860.80,26875.00,26858.00,26868.75,0.00,2.00,26828.86
2026-04-21 06:28:24,26864.78,26881.75,26864.78,26877.31,0.00,2.00,26829.54
2026-04-21 06:31:50,26871.04,26892.75,26871.04,26884.88,0.00,3.00,26829.54
2026-04-21 06:34:00,26877.96,26895.00,26877.96,26891.25,0.00,3.00,26829.05
2026-04-21 06:36:23,26884.61,26898.00,26884.61,26892.94,0.00,3.00,26829.90
2026-04-21 06:39:35,26888.77,26900.75,26888.77,26894.44,0.00,3.00,26829.90
2026-04-21 06:40:15,26891.61,26901.75,26886.00,26892.75,0.00,3.00,26829.90
2026-04-21 06:44:12,26892.18,26893.25,26882.00,26888.56,0.00,2.00,26830.82
2026-04-21 06:47:56,26890.37,26895.50,26885.75,26891.25,0.00,2.00,26830.24
2026-04-21 06:52:56,26890.81,26890.81,26876.75,26883.31,0.00,2.00,26832.62
2026-04-21 06:56:17,26887.06,26887.06,26871.50,26875.75,0.00,-2.00,26833.29
2026-04-21 06:59:45,26881.41,26881.41,26867.50,26871.75,0.00,-1.00,26833.29
2026-04-21 07:00:59,26876.58,26876.58,26863.25,26868.62,0.00,-2.00,26834.26
2026-04-21 07:04:20,26872.60,26876.00,26861.00,26869.00,0.00,-2.00,26835.38
2026-04-21 07:08:13,26870.80,26880.25,26870.50,26874.06,0.00,-2.00,26836.23
2026-04-21 07:11:29,26872.43,26872.43,26859.50,26865.06,0.00,-3.00,26837.59
2026-04-21 07:12:53,26868.75,26868.75,26853.75,26859.25,0.00,-1.00,26838.38
2026-04-21 07:15:29,26864.00,26864.00,26836.50,26848.19,0.00,-3.00,26838.38
2026-04-21 07:16:01,26856.09,26856.09,26838.25,26843.75,0.00,-2.00,26838.38
2026-04-21 07:18:05,26849.92,26849.92,26829.75,26838.06,0.00,-2.00,26839.00
2026-04-21 07:19:47,26843.99,26843.99,26828.00,26837.62,0.00,-2.00,26839.49
2026-04-21 07:21:41,26840.81,26850.25,26840.75,26844.81,0.00,-2.00,26839.49
2026-04-21 07:24:10,26842.81,26849.75,26839.00,26844.12,0.00,-2.00,26840.12
2026-04-21 07:25:53,26843.47,26857.50,26841.50,26849.62,0.00,2.00,26840.53
2026-04-21 07:29:00,26846.55,26868.00,26846.55,26860.00,0.00,3.00,26841.38
2026-04-21 07:30:28,26853.27,26865.75,26851.00,26859.19,0.00,4.00,26842.43
2026-04-21 07:31:37,26856.23,26865.75,26850.50,26860.12,0.00,3.00,26843.02
2026-04-21 07:32:30,26858.18,26872.75,26858.18,26865.31,0.00,3.00,26843.02
2026-04-21 07:33:08,26861.75,26872.25,26861.25,26865.31,0.00,2.00,26844.08
2026-04-21 07:35:43,26863.53,26870.50,26854.00,26862.50,0.00,2.00,26845.16
2026-04-21 07:37:44,26863.02,26863.25,26838.25,26850.50,0.00,2.00,26845.91
2026-04-21 07:38:34,26856.76,26856.76,26824.25,26835.31,0.00,-1.00,26847.04
2026-04-21 07:38:48,26846.04,26846.04,26829.75,26835.06,0.00,-1.00,26847.04
2026-04-21 07:39:51,26840.55,26840.55,26825.75,26833.44,0.00,-1.00,26847.04
2026-04-21 07:41:02,26836.99,26844.75,26828.25,26834.50,0.00,-3.00,26848.07
2026-04-21 07:43:19,26835.75,26835.75,26817.00,26824.75,0.00,-3.00,26848.89
2026-04-21 07:44:22,26830.25,26835.50,26818.00,26826.00,0.00,-2.00,26848.89
2026-04-21 07:45:21,26828.12,26839.00,26824.75,26832.56,0.00,-2.00,26848.89
2026-04-21 07:47:14,26830.34,26842.00,26825.75,26833.75,0.00,-2.00,26850.31
2026-04-21 07:49:00,26832.05,26837.25,26818.00,26825.88,0.00,-2.00,26850.31
2026-04-21 07:50:02,26828.96,26828.96,26812.75,26819.88,0.00,-2.00,26850.31
2026-04-21 07:51:18,26824.42,26829.00,26819.50,26823.81,0.00,-2.00,26850.97
2026-04-21 07:54:07,26824.12,26832.50,26817.25,26824.25,0.00,-2.00,26851.46
2026-04-21 07:56:50,26824.18,26824.18,26812.00,26818.88,0.00,-2.00,26852.01
2026-04-21 07:58:52,26821.53,26827.25,26817.75,26820.75,0.00,-2.00,26853.16
2026-04-21 08:01:36,26821.14,26825.50,26810.25,26817.00,0.00,-2.00,26853.49
2026-04-21 08:04:57,26819.07,26819.07,26806.00,26811.25,0.00,-3.00,26854.70
2026-04-21 08:06:09,26815.16,26818.00,26802.75,26809.50,0.00,-4.00,26854.70
2026-04-21 08:08:42,26812.33,26815.50,26801.00,26809.12,0.00,-3.00,26855.10
2026-04-21 08:10:44,26810.73,26819.25,26810.73,26815.38,0.00,-2.00,26856.32
2026-04-21 08:13:33,26813.05,26818.25,26810.00,26814.50,0.00,-2.00,26856.38
2026-04-21 08:16:31,26813.78,26816.25,26806.50,26813.00,0.00,-2.00,26856.90
2026-04-21 08:18:09,26813.39,26817.50,26809.50,26814.38,0.00,-1.00,26856.51
2026-04-21 08:21:05,26813.88,26817.25,26800.00,26808.50,0.00,-2.00,26855.95
2026-04-21 08:23:06,26811.19,26817.50,26798.50,26806.12,0.00,-2.00,26855.75
2026-04-21 08:23:41,26808.66,26813.50,26800.75,26808.62,0.00,-2.00,26855.75
2026-04-21 08:25:10,26808.64,26817.00,26808.64,26813.38,0.00,-2.00,26856.32
2026-04-21 08:26:38,26811.01,26818.75,26808.75,26814.12,0.00,-2.00,26856.32
2026-04-21 08:28:00,26812.57,26818.50,26806.50,26813.50,0.00,2.00,26856.40
2026-04-21 08:28:36,26813.03,26815.50,26807.25,26811.75,0.00,2.00,26856.40
2026-04-21 08:29:52,26812.39,26813.75,26808.25,26810.06,0.00,2.00,26857.00
2026-04-21 08:30:00,26811.23,26811.23,26775.25,26791.69,0.00,-4.00,26857.00
2026-04-21 08:30:00,26801.46,26824.00,26774.75,26799.44,0.00,-3.00,26857.00
2026-04-21 08:30:05,26800.45,26825.00,26800.45,26816.00,0.00,-2.00,26857.00
2026-04-21 08:30:06,26808.22,26822.75,26805.25,26813.94,0.00,-2.00,26857.00
2026-04-21 08:30:10,26811.08,26819.75,26800.25,26810.69,0.00,-2.00,26857.00
2026-04-21 08:30:17,26810.88,26824.50,26803.25,26814.06,0.00,-2.00,26857.00
2026-04-21 08:30:27,26812.47,26826.50,26804.75,26815.12,0.00,-3.00,26857.00
2026-04-21 08:30:31,26813.80,26813.80,26785.75,26797.50,0.00,-4.00,26857.00
2026-04-21 08:30:31,26805.65,26805.65,26778.75,26787.56,0.00,-4.00,26857.00
2026-04-21 08:30:36,26796.61,26796.61,26772.00,26778.69,0.00,-4.00,26857.00
2026-04-21 08:30:43,26787.65,26787.65,26775.50,26781.69,0.00,-4.00,26857.00
2026-04-21 08:30:54,26784.67,26790.00,26766.50,26777.81,0.00,-4.00,26857.00
2026-04-21 08:31:02,26781.24,26781.24,26762.50,26770.94,0.00,-4.00,26857.00
2026-04-21 08:31:07,26776.09,26776.25,26763.75,26770.88,0.00,-4.00,26857.02
2026-04-21 08:31:18,26773.48,26776.75,26755.50,26765.06,0.00,-4.00,26857.02
2026-04-21 08:31:24,26769.27,26769.50,26756.25,26762.06,0.00,-4.00,26857.02
2026-04-21 08:31:31,26765.67,26765.67,26751.25,26757.81,0.00,-4.00,26857.02
2026-04-21 08:31:39,26761.74,26761.74,26747.75,26752.50,0.00,-4.00,26857.02
2026-04-21 08:31:48,26757.12,26764.25,26746.75,26752.38,0.00,-4.00,26857.02
2026-04-21 08:31:59,26754.75,26761.75,26743.25,26752.31,0.00,-4.00,26857.02
2026-04-21 08:32:04,26753.53,26763.25,26753.25,26758.44,0.00,-2.00,26857.16
2026-04-21 08:32:18,26755.98,26762.75,26747.75,26755.56,0.00,-2.00,26857.16
2026-04-21 08:32:31,26755.77,26758.00,26748.25,26752.62,0.00,-2.00,26857.16
2026-04-21 08:32:48,26754.20,26754.20,26737.75,26749.50,0.00,-2.00,26857.16
2026-04-21 08:32:59,26751.85,26766.00,26749.50,26754.88,0.00,-2.00,26857.32
2026-04-21 08:33:13,26753.36,26755.00,26740.00,26747.31,0.00,-2.00,26857.32
2026-04-21 08:33:34,26750.34,26757.75,26739.50,26749.31,0.00,-1.00,26857.32
2026-04-21 08:33:50,26749.82,26759.50,26744.50,26753.06,0.00,-1.00,26857.32
2026-04-21 08:34:12,26751.44,26759.00,26742.75,26750.44,0.00,-2.00,26857.32
2026-04-21 08:34:32,26750.94,26763.00,26747.75,26756.25,0.00,-2.00,26857.44
2026-04-21 08:34:57,26753.60,26764.25,26750.75,26757.31,0.00,-2.00,26857.44
2026-04-21 08:35:10,26755.45,26755.50,26741.25,26747.31,0.00,-3.00,26857.44
2026-04-21 08:35:23,26751.38,26751.38,26733.00,26738.19,0.00,-3.00,26857.44
2026-04-21 08:35:29,26744.79,26744.79,26726.75,26732.25,26730.31,-4.00,26857.44
2026-04-21 08:35:34,26738.52,26740.25,26729.75,26734.19,26732.37,-3.00,26857.44
2026-04-21 08:35:46,26736.35,26752.25,26730.50,26742.06,26735.09,-1.00,26857.44
2026-04-21 08:35:56,26739.21,26762.50,26739.21,26755.31,26739.24,-1.00,26857.44
2026-04-21 08:36:08,26747.26,26766.00,26747.26,26759.94,26743.33,-1.00,26857.44
2026-04-21 08:36:19,26753.60,26767.50,26753.60,26761.56,26746.48,-1.00,26857.44
2026-04-21 08:36:37,26757.58,26763.75,26752.75,26758.06,26748.25,-1.00,26857.44
2026-04-21 08:36:58,26757.82,26758.75,26748.25,26754.62,26748.70,-1.00,26857.33
2026-04-21 08:37:15,26756.22,26762.75,26749.25,26754.94,26749.61,-1.00,26857.33
2026-04-21 08:37:42,26755.58,26755.58,26743.50,26749.12,26749.60,-2.00,26857.33
2026-04-21 08:38:04,26752.35,26760.00,26745.00,26752.38,26749.89,-2.00,26857.80
2026-04-21 08:38:35,26752.36,26757.50,26738.00,26747.62,26749.81,-2.00,26857.44
2026-04-21 08:39:02,26749.99,26749.99,26733.25,26737.31,26748.87,-3.00,26857.09
2026-04-21 08:39:22,26743.65,26743.65,26728.50,26737.12,26747.79,-3.00,26856.69
2026-04-21 08:39:40,26740.39,26749.50,26740.39,26742.94,26747.60,-2.00,26856.69
2026-04-21 08:40:01,26741.66,26746.25,26733.75,26740.44,26747.15,-3.00,26856.69
2026-04-21 08:40:27,26741.05,26753.00,26736.00,26745.69,26746.97,-3.00,26856.41
2026-04-21 08:40:45,26743.37,26756.00,26743.37,26751.75,26747.22,-3.00,26856.41
2026-04-21 08:41:00,26747.56,26756.00,26744.75,26749.75,26747.41,-3.00,26856.41
2026-04-21 08:41:20,26748.65,26748.65,26732.75,26740.94,26746.98,-1.00,26856.41
2026-04-21 08:41:37,26744.80,26749.25,26741.25,26743.88,26746.92,-1.00,26856.41
2026-04-21 08:42:13,26744.34,26758.50,26740.50,26749.94,26747.10,-1.00,26855.92
2026-04-21 08:42:42,26747.14,26760.50,26747.14,26757.06,26747.53,-1.00,26855.92
2026-04-21 08:43:03,26752.10,26765.00,26752.10,26759.31,26748.08,2.00,26855.92
2026-04-21 08:43:23,26755.71,26771.75,26755.71,26765.56,26748.81,3.00,26855.92
2026-04-21 08:43:35,26760.63,26775.00,26760.63,26770.62,26749.60,3.00,26855.92
2026-04-21 08:43:51,26765.63,26773.50,26765.00,26769.12,26750.32,2.00,26855.50
2026-04-21 08:44:05,26767.38,26768.25,26757.25,26761.94,26750.76,2.00,26855.67
2026-04-21 08:44:23,26764.66,26768.25,26752.00,26761.38,26751.09,2.00,26855.67
2026-04-21 08:44:37,26763.02,26772.75,26763.02,26768.88,26751.68,2.00,26855.67
2026-04-21 08:45:01,26765.95,26778.00,26765.95,26773.25,26752.41,1.00,26855.32
2026-04-21 08:45:09,26769.60,26775.00,26755.00,26765.12,26752.79,-1.00,26855.32
2026-04-21 08:45:20,26767.36,26767.36,26746.75,26752.56,26752.75,-2.00,26855.32
2026-04-21 08:45:32,26759.96,26759.96,26742.75,26748.94,26752.61,-2.00,26855.32
2026-04-21 08:45:46,26754.45,26757.50,26746.25,26750.19,26752.63,-2.00,26855.32
2026-04-21 08:46:05,26752.32,26756.75,26744.75,26749.62,26752.59,-2.00,26855.32
2026-04-21 08:46:28,26750.97,26761.75,26748.75,26754.38,26752.70,-2.00,26855.02
2026-04-21 08:47:01,26752.67,26766.25,26752.67,26759.62,26752.90,-2.00,26855.10
2026-04-21 08:47:19,26756.15,26766.50,26756.15,26764.06,26753.20,2.00,26855.10
2026-04-21 08:47:38,26760.11,26777.75,26760.11,26771.69,26753.64,3.00,26855.10
2026-04-21 08:47:49,26765.90,26781.25,26765.90,26777.19,26754.20,3.00,26855.10
2026-04-21 08:48:03,26771.54,26786.50,26771.54,26780.88,26754.87,3.00,26855.10
2026-04-21 08:48:16,26776.21,26785.25,26776.21,26782.06,26755.49,2.00,26854.71
2026-04-21 08:48:45,26779.14,26790.00,26779.14,26785.69,26756.20,3.00,26854.71
2026-04-21 08:49:06,26782.41,26786.75,26776.25,26782.81,26756.77,3.00,26854.71
2026-04-21 08:49:32,26782.61,26782.61,26768.50,26775.62,26757.14,-2.00,26854.21
2026-04-21 08:49:52,26779.12,26779.12,26767.50,26771.62,26757.44,-2.00,26854.21
2026-04-21 08:50:18,26775.37,26775.37,26759.75,26765.62,26757.59,-4.00,26854.21
2026-04-21 08:50:35,26770.50,26771.75,26756.25,26765.00,26757.69,-3.00,26854.21
2026-04-21 08:50:55,26767.75,26772.75,26757.50,26767.25,26757.82,-3.00,26853.79
2026-04-21 08:51:19,26767.50,26773.00,26762.25,26767.56,26758.02,-3.00,26853.79
2026-04-21 08:51:52,26767.53,26779.50,26767.53,26773.94,26758.31,-3.00,26853.79
2026-04-21 08:52:13,26770.73,26786.00,26770.73,26781.19,26758.74,-3.00,26853.79
2026-04-21 08:52:38,26775.96,26796.00,26775.96,26789.06,26759.32,2.00,26853.91
2026-04-21 08:52:48,26782.51,26796.50,26782.51,26793.75,26759.95,2.00,26853.50
2026-04-21 08:53:06,26788.13,26799.00,26788.13,26793.94,26760.56,1.00,26853.50
2026-04-21 08:53:31,26791.04,26804.00,26791.04,26797.94,26761.22,2.00,26853.50
2026-04-21 08:53:53,26794.49,26803.00,26788.00,26795.56,26761.82,2.00,26853.50
2026-04-21 08:54:12,26795.02,26797.75,26785.75,26792.25,26762.32,2.00,26853.50
2026-04-21 08:54:42,26793.64,26801.50,26790.50,26795.94,26762.88,2.00,26853.50
2026-04-21 08:55:14,26794.79,26808.25,26793.75,26800.94,26763.49,2.00,26853.50
2026-04-21 08:55:46,26797.86,26812.25,26797.86,26808.88,26764.24,2.00,26852.99
2026-04-21 08:55:58,26803.37,26814.50,26803.37,26809.44,26764.97,1.00,26852.99
2026-04-21 08:56:16,26806.40,26819.50,26806.40,26812.06,26765.72,1.00,26852.99
2026-04-21 08:56:33,26809.23,26818.75,26807.75,26814.31,26766.46,1.00,26852.99
2026-04-21 08:56:59,26811.77,26825.00,26811.77,26819.88,26767.28,2.00,26852.99
2026-04-21 08:57:09,26815.82,26824.00,26815.50,26820.56,26768.05,1.00,26852.99
2026-04-21 08:57:47,26818.19,26825.25,26814.00,26820.19,26768.80,1.00,26852.99
2026-04-21 08:58:08,26819.19,26830.25,26815.75,26823.12,26769.59,1.00,26852.57
2026-04-21 08:58:23,26821.16,26830.00,26812.00,26820.94,26770.35,1.00,26852.57
2026-04-21 08:58:40,26821.05,26823.00,26809.25,26816.75,26770.99,1.00,26852.57
2026-04-21 08:59:03,26818.90,26828.50,26818.50,26823.62,26771.72,1.00,26852.57
2026-04-21 08:59:40,26821.26,26836.25,26821.26,26830.38,26772.52,2.00,26852.57
2026-04-21 08:59:57,26825.82,26844.50,26825.82,26838.62,26773.43,3.00,26852.85
2026-04-21 09:00:02,26832.22,26842.75,26827.25,26836.06,26774.26,2.00,26852.85
2026-04-21 09:00:09,26834.14,26843.75,26831.50,26838.19,26775.08,3.00,26852.85
2026-04-21 09:00:23,26836.16,26853.50,26836.16,26848.00,26776.04,4.00,26852.37
2026-04-21 09:00:30,26842.08,26853.00,26842.08,26849.06,26776.96,3.00,26852.37
2026-04-21 09:00:51,26845.57,26850.75,26841.75,26845.56,26777.85,2.00,26852.37
2026-04-21 09:01:08,26845.57,26845.75,26839.25,26842.38,26778.66,2.00,26852.37
2026-04-21 09:01:32,26843.97,26848.75,26838.75,26842.44,26779.46,1.00,26852.37
2026-04-21 09:02:02,26843.20,26845.00,26836.00,26840.00,26780.21,1.00,26852.37
2026-04-21 09:02:14,26841.60,26841.60,26832.25,26837.00,26780.88,1.00,26852.37
2026-04-21 09:02:27,26839.30,26840.25,26828.00,26835.81,26781.51,1.00,26852.37
2026-04-21 09:02:51,26837.56,26841.75,26833.00,26837.88,26782.16,2.00,26852.37
2026-04-21 09:03:17,26837.71,26838.00,26829.25,26834.00,26782.75,1.00,26851.79
2026-04-21 09:03:48,26835.86,26835.86,26823.75,26827.88,26783.27,1.00,26851.79
2026-04-21 09:04:04,26831.87,26831.87,26821.00,26825.12,26783.74,-1.00,26851.79
2026-04-21 09:04:23,26828.50,26829.25,26821.00,26825.25,26784.21,-1.00,26851.79
2026-04-21 09:05:00,26826.87,26835.00,26823.25,26829.38,26784.70,-1.00,26851.79
2026-04-21 09:05:28,26828.12,26841.75,26828.12,26836.88,26785.27,2.00,26851.79
2026-04-21 09:05:45,26832.50,26845.25,26832.50,26841.50,26785.88,2.00,26851.66
2026-04-21 09:06:09,26837.00,26846.25,26837.00,26843.25,26786.51,2.00,26851.66
2026-04-21 09:06:42,26840.12,26846.50,26838.75,26843.12,26787.11,2.00,26851.66
2026-04-21 09:07:16,26841.62,26853.25,26841.62,26847.31,26787.76,3.00,26851.66
2026-04-21 09:07:35,26844.47,26858.00,26844.47,26852.94,26788.45,4.00,26851.06
2026-04-21 09:07:55,26848.70,26862.00,26848.70,26859.06,26789.17,3.00,26851.06
2026-04-21 09:08:06,26853.88,26864.75,26853.88,26861.50,26789.91,3.00,26851.06
2026-04-21 09:08:20,26857.69,26866.25,26857.69,26862.69,26790.66,3.00,26851.63
2026-04-21 09:08:40,26860.19,26866.25,26857.75,26863.19,26791.37,2.00,26851.63
2026-04-21 09:09:08,26861.69,26868.50,26860.00,26864.94,26792.11,2.00,26851.63
2026-04-21 09:09:36,26863.31,26870.25,26859.75,26863.94,26792.83,2.00,26851.63
2026-04-21 09:10:00,26863.62,26863.62,26855.00,26858.19,26793.47,-2.00,26851.15
2026-04-21 09:10:14,26860.91,26860.91,26848.00,26852.69,26794.04,-3.00,26851.15
2026-04-21 09:10:30,26856.80,26859.00,26847.75,26853.06,26794.61,-2.00,26851.15
2026-04-21 09:10:55,26854.93,26869.75,26854.93,26862.00,26795.27,-2.00,26851.15
2026-04-21 09:11:13,26858.46,26873.75,26858.46,26868.69,26795.97,-2.00,26851.67
2026-04-21 09:11:35,26863.58,26877.50,26863.58,26872.94,26796.69,2.00,26851.67
2026-04-21 09:11:53,26868.26,26877.50,26863.50,26870.56,26797.36,1.00,26851.67
2026-04-21 09:12:25,26869.41,26871.25,26861.75,26865.38,26797.99,1.00,26851.15
2026-04-21 09:13:09,26867.39,26867.39,26851.75,26858.31,26798.52,-1.00,26851.15
2026-04-21 09:13:31,26862.85,26862.85,26848.75,26854.81,26799.01,-1.00,26851.15
2026-04-21 09:14:09,26858.83,26860.75,26854.00,26857.56,26799.52,-1.00,26851.15
2026-04-21 09:15:00,26858.20,26866.00,26857.00,26861.44,26800.07,-1.00,26851.15
2026-04-21 09:15:26,26859.82,26871.00,26859.82,26866.75,26800.66,-1.00,26850.61
2026-04-21 09:16:00,26863.28,26874.25,26863.28,26869.56,26801.26,1.00,26850.61
2026-04-21 09:16:46,26866.42,26880.00,26866.42,26875.81,26801.90,2.00,26850.61
2026-04-21 09:17:16,26871.12,26885.25,26871.12,26879.81,26802.58,3.00,26850.61
2026-04-21 09:17:36,26875.46,26879.75,26872.00,26875.62,26803.20,2.00,26850.11
2026-04-21 09:18:01,26875.54,26875.54,26864.75,26868.94,26803.75,2.00,26850.11
2026-04-21 09:18:09,26872.24,26872.24,26858.75,26863.19,26804.23,2.00,26850.11
2026-04-21 09:18:21,26867.71,26867.71,26856.75,26861.88,26804.70,2.00,26850.11
2026-04-21 09:18:52,26864.79,26864.79,26853.00,26857.31,26805.13,-1.00,26850.53
2026-04-21 09:19:16,26861.05,26861.05,26846.50,26853.12,26805.49,-2.00,26850.53
2026-04-21 09:19:37,26857.09,26857.09,26848.25,26851.56,26805.86,-3.00,26850.53
2026-04-21 09:20:02,26854.33,26854.33,26842.50,26846.19,26806.19,-3.00,26850.00
2026-04-21 09:20:21,26850.26,26850.26,26839.00,26840.50,26806.39,-4.00,26850.00
